seed,query,rank
activities for 3 year olds,activities for 3 year olds,1
activities for 3 year olds,activities for 3 year olds near me,2
activities for 3 year olds,activities for 3 year olds at home,3
activities for 3 year olds,activities for 3 year olds sports,4
activities for 3 year olds,activities for 3 year olds printable,5
activities for 3 year olds,activities for 3 year olds daycare,6
activities for 3 year olds,activities for 3 year olds near me sports,7
activities for 3 year olds,activities for 3 year olds birthday,8
activities for 3 year olds,activities for 3 year olds outdoor,9
activities for 3 year olds,activities for 3 year olds this weekend,10
activities for 3 year olds,activities for 3 year olds at home pdf,2
activities for 3 year olds,games for 3 year olds at home,3
activities for 3 year olds,educational activities for 3 year olds at home pdf,4
activities for 3 year olds,educational activities for 3 year olds at home,5
activities for 3 year olds,fun activities for 3 year olds at home,6
activities for 3 year olds,learning activities for 3 year olds at home,7
activities for 3 year olds,indoor activities for 3 year olds at home,8
activities for 3 year olds,montessori activities for 3 year olds at home,9
activities for 3 year olds,easy activities for 3 year olds at home,10
activities for 3 year olds,activities for 3 year olds indoors,1
activities for 3 year olds,games for 3 year olds indoors,2
activities for 3 year olds,activities for 3 year olds inside,3
activities for 3 year olds,simple activities for 3 year olds indoors,4
activities for 3 year olds,home activities for 3 year olds indoors,5
activities for 3 year olds,playgroup activities for 3 year olds indoors,6
activities for 3 year olds,fun activities for 3 year olds indoors,7
activities for 3 year olds,games for 3 year olds inside,8
activities for 3 year olds,rainy day activities for 3 year olds indoors,9
activities for 3 year olds,party games for 3 year olds indoors,10
activities for 3 year olds,no prep activities for 3 year olds,1
activities for 3 year olds,no prep activities for toddlers,2
activities for 3 year olds,no prep activities for preschoolers,3
activities for 3 year olds,how to engage 3 year old,4
activities for 3 year olds,what do 3 year olds do for activities,5
activities for 3 year olds,easy activities for 3 year olds,1
activities for 3 year olds,easy indoor activities for 3 year olds,3
activities for 3 year olds,easy toddler activities for 3 year olds,4
activities for 3 year olds,easy learning activities for 3 year olds,5
activities for 3 year olds,easy clay activities for 3 year olds,6
activities for 3 year olds,easy fun activities for 3 year olds,7
activities for 3 year olds,easy preschool activities for 3 year olds,8
activities for 3 year olds,easy sensory activities for 3 year olds,9
activities for 3 year olds,easy diy activities for 3 year olds,10
activities for 3 year olds,fun activities for 3 year olds,1
activities for 3 year olds,fun activities for 3 year olds near me,2
activities for 3 year olds,fun activities for 3 year olds indoor,4
activities for 3 year olds,fun activities for 3 year old birthday,5
activities for 3 year olds,fun activities for 3 year old birthday party,6
activities for 3 year olds,fun activities for 3 year old girl,7
activities for 3 year olds,fun activities for 3 year old boy,8
activities for 3 year olds,fun activities for 3 year olds in childcare,9
activities for 3 year olds,fun activities for 3 year olds outdoor,10
activities for 3 year olds,activities for 3 year olds educational,1
activities for 3 year olds,games for 3 year olds educational,2
activities for 3 year olds,activities for 3 year olds learning,3
activities for 3 year olds,activities for 3 year olds school,4
activities for 3 year olds,games for 3 year old learning,5
activities for 3 year olds,games for 3 year olds learning english,6
activities for 3 year olds,ideas for 3 year old school lunch,7
activities for 3 year olds,games for 3 year olds online educational,8
activities for 3 year olds,activities for 3 year olds after school,9
activities for 3 year olds,activities for 3 year olds printable pdf,2
activities for 3 year olds,activities for 3 year old worksheets,3
activities for 3 year olds,educational activities for 3 year olds printable pdf,4
activities for 3 year olds,learning activities for 3 year olds printables,5
activities for 3 year olds,montessori activities for 3 year olds printables,6
activities for 3 year olds,writing activities for 3 year olds printable,7
activities for 3 year olds,free activities for 3 year olds printable,8
activities for 3 year olds,coloring activities for 3 year olds printable,9
activities for 3 year olds,maths activities for 3 year olds printable,10
activities for 3 year olds,activities for 3 year olds pdf,1
activities for 3 year olds,montessori activities for 3 year olds pdf,2
activities for 3 year olds,writing activities for 3 year olds pdf,3
activities for 3 year olds,learning activities for 3 year olds pdf,4
activities for 3 year olds,montessori activities for 3 year olds pdf free download,5
activities for 3 year olds,printable activities for 3 year olds pdf,6
activities for 3 year olds,phonics activities for 3 year olds pdf,7
activities for 3 year olds,tracing activities for 3 year olds pdf,8
activities for 3 year olds,playgroup activities for 3 year olds pdf,9
activities for 3 year olds,writing activities for 3 year olds pdf free download,10
activities for 3 year olds,events for 3 year olds near me,3
activities for 3 year olds,indoor activities for 3 year olds near me,4
activities for 3 year olds,extracurricular activities for 3 year olds near me,6
activities for 3 year olds,summer activities for 3 year olds near me,7
activities for 3 year olds,outdoor activities for 3 year olds near me,8
activities for 3 year olds,free activities for 3 year olds near me,9
activities for 3 year olds,activities for 2 3 year olds near me,10
activities for 4 year olds,activities for 4 year olds,1
activities for 4 year olds,activities for 4 year olds near me,2
activities for 4 year olds,activities for 4 year olds at home,3
activities for 4 year olds,activities for 4 year olds printable,4
activities for 4 year olds,activities for 4 year olds boy,5
activities for 4 year olds,activities for 4 year olds with adhd,6
activities for 4 year olds,activities for 4 year olds outside,7
activities for 4 year olds,activities for 4 year olds birthday party,8
activities for 4 year olds,activities for 4 year olds indoors,9
activities for 4 year olds,activities for 4 year olds to do at home,10
activities for 4 year olds,games for 4 year olds at home,2
activities for 4 year olds,activities for four year olds at home,3
activities for 4 year olds,educational activities for 4 year olds at home,4
activities for 4 year olds,fun activities for 4 year olds at home,5
activities for 4 year olds,indoor activities for 4 year olds at home,6
activities for 4 year olds,craft activities for 4 year olds at home,7
activities for 4 year olds,educational activities for 4 year olds at home pdf,8
activities for 4 year olds,activities for 2 4 year olds at home,9
activities for 4 year olds,sensory activities for 4 year olds at home,10
activities for 4 year olds,fun activities for 4 year olds indoors,2
activities for 4 year olds,games for 4 year olds indoor,3
activities for 4 year olds,games for 4 year olds inside,4
activities for 4 year olds,rainy day activities for 4 year olds indoors,5
activities for 4 year olds,party games for 4 year olds indoors,6
activities for 4 year olds,birthday games for 4 year olds indoors,7
activities for 4 year olds,fun games for 4 year olds indoors,8
activities for 4 year olds,group games for 4 year olds indoors,9
activities for 4 year olds,party games for 4 year olds indoors no equipment,10
activities for 4 year olds,easy activities for 4 year olds,1
activities for 4 year olds,easy activities for 4 year olds at home,2
activities for 4 year olds,easy activities for 4 year old birthday party,3
activities for 4 year olds,easy indoor activities for 4 year olds,4
activities for 4 year olds,easy learning activities for 4 year olds,5
activities for 4 year olds,easy craft activities for 4 year olds,6
activities for 4 year olds,fun easy activities for 4 year olds,7
activities for 4 year olds,easy diy activities for 4 year olds,8
activities for 4 year olds,easy art activities for 4 year olds,9
activities for 4 year olds,easy drawing activities for 4 year olds,10
activities for 4 year olds,fun activities for 4 year olds,1
activities for 4 year olds,fun activities for 4 year olds near me,3
activities for 4 year olds,fun activities for 4 year olds london,4
activities for 4 year olds,fun activities for 4 year olds inside,5
activities for 4 year olds,fun outdoor activities for 4 year olds,6
activities for 4 year olds,fun activities for 4 year olds at school,7
activities for 4 year olds,fun activities for 4 year olds at home indoors,8
activities for 4 year olds,fun activities for 4 year old birthday party,9
activities for 4 year olds,fun activities for 4 year old boys,10
activities for 4 year olds,games for 4 year olds educational,1
activities for 4 year olds,activities for 4 year olds learning,2
activities for 4 year olds,online games for 4 year olds educational,3
activities for 4 year olds,ideas for 4 year old school lunches,4
activities for 4 year olds,free games for 4 year olds educational,5
activities for 4 year olds,switch games for 4 year olds educational,6
activities for 4 year olds,activities for 4 year olds after school,7
activities for 4 year olds,activities for 4 year olds in school,8
activities for 4 year olds,educational activities for 4 year olds,9
activities for 4 year olds,activities for 4 year olds printable pdf,2
activities for 4 year olds,activities for 4 year olds worksheets,3
activities for 4 year olds,learning activities for 4 year olds printables,4
activities for 4 year olds,preschool activities for 4 year olds printables,5
activities for 4 year olds,math activities for 4 year olds printable,6
activities for 4 year olds,free activities for 4 year olds printable,7
activities for 4 year olds,alphabet activities for 4 year olds printable,8
activities for 4 year olds,writing activities for 4 year olds printable,9
activities for 4 year olds,educational activities for 4 year olds printable pdf,10
activities for 4 year olds,activities for 4 year olds pdf,1
activities for 4 year olds,educational activities for 4 year olds pdf,2
activities for 4 year olds,painting activities for 4 year olds pdf,3
activities for 4 year olds,montessori activities for 4 year olds pdf,4
activities for 4 year olds,printable activities for 4 year olds pdf,5
activities for 4 year olds,writing activities for 4 year olds pdf,6
activities for 4 year olds,matching activities for 4 year olds pdf,7
activities for 4 year olds,literacy activities for 4 year olds pdf,8
activities for 4 year olds,painting activities for 4 year olds pdf free download,9
activities for 4 year olds,montessori activities for 4 year olds pdf free download,10
activities for 4 year olds,activities for 4 year olds near me sports,2
activities for 4 year olds,events for 4 year olds near me,3
activities for 4 year olds,indoor activities for 4 year olds near me,4
activities for 4 year olds,summer activities for 4 year olds near me,5
activities for 4 year olds,extracurricular activities for 4 year olds near me,7
activities for 4 year olds,outdoor activities for 4 year olds near me,8
activities for 4 year olds,free activities for 4 year olds near me,9
activities for 4 year olds,activities for 3 4 year olds near me,10
activities for 5 year olds,activities for 5 year olds,1
activities for 5 year olds,activities for 5 year olds near me,2
activities for 5 year olds,activities for 5 year olds at home,3
activities for 5 year olds,activities for 5 year olds printable,4
activities for 5 year olds,activities for 5 year olds reddit,5
activities for 5 year olds,activities for 5 year olds birthday party,6
activities for 5 year olds,activities for 5 year olds melbourne,7
activities for 5 year olds,activities for 5 year olds after school,8
activities for 5 year olds,activities for 5 year olds esl,9
activities for 5 year olds,activities for 5 year olds london,10
activities for 5 year olds,games for 5 year olds at home,2
activities for 5 year olds,educational activities for 5 year olds at home,3
activities for 5 year olds,fun activities for 5 year olds at home,4
activities for 5 year olds,educational activities for 5 year olds at home pdf,5
activities for 5 year olds,free educational activities for 5 year olds at home,6
activities for 5 year olds,activities for 5 year old boy at home,7
activities for 5 year olds,activities for 5 year old kid at home,8
activities for 5 year olds,science activities for 3 5 year olds at home,9
activities for 5 year olds,learning activities for 4 5 year olds at home,10
activities for 5 year olds,activities for 5 year olds indoors,1
activities for 5 year olds,games for 5 year olds indoor,2
activities for 5 year olds,games for 5 year olds inside,3
activities for 5 year olds,party games for 5 year olds indoors,4
activities for 5 year olds,party games for 5 year olds indoors no equipment,5
activities for 5 year olds,birthday party games for 5 year olds indoors,6
activities for 5 year olds,games for 3 5 year olds inside,7
activities for 5 year olds,games for 4 5 year olds inside,8
activities for 5 year olds,indoor activities for 5 year olds near me,9
activities for 5 year olds,indoor activities for 5 year old birthday party,10
activities for 5 year olds,easy activities for 5 year olds,1
activities for 5 year olds,easy activities for 5 year old birthday party,2
activities for 5 year olds,easy clay activities for 5 year olds,3
activities for 5 year olds,easy home activities for 5 year olds,4
activities for 5 year olds,easy craft activities for 5 year olds,5
activities for 5 year olds,easy art activities for 5 year olds,6
activities for 5 year olds,easy painting activities for 5 year olds,7
activities for 5 year olds,fun easy activities for 5 year olds,8
activities for 5 year olds,easy indoor activities for 5 year olds,9
activities for 5 year olds,easy drawing activities for 5 year olds,10
activities for 5 year olds,fun activities for 5 year olds,1
activities for 5 year olds,fun activities for 5 year olds near me,2
activities for 5 year olds,fun activities for 5 year olds to do at home,3
activities for 5 year olds,fun activities for 5 year old girl,4
activities for 5 year olds,fun activities for 5 year old birthday party,5
activities for 5 year olds,fun activities for 5 year old boys,6
activities for 5 year olds,fun activities for 5 year olds birthday,7
activities for 5 year olds,fun indoor activities for 5 year olds,8
activities for 5 year olds,fun learning activities for 5 year olds,9
activities for 5 year olds,fun outdoor activities for 5 year olds,10
activities for 5 year olds,games for 5 year old educational,1
activities for 5 year olds,activities for 5 year olds school,2
activities for 5 year olds,activities for 5 year old learning,3
activities for 5 year olds,ideas for 5 year old school lunch,4
activities for 5 year olds,games for 5 year olds learning,5
activities for 5 year olds,games for 5 year olds school,6
activities for 5 year olds,online games for 5 year olds educational,7
activities for 5 year olds,ipad games for 5 year olds educational,8
activities for 5 year olds,educational activities for 5 year olds,10
activities for 5 year olds,activities for 5 year olds print,2
activities for 5 year olds,educational activities for 5 year olds printable,3
activities for 5 year olds,maths activities for 5 year olds printable,4
activities for 5 year olds,writing activities for 5 year olds printable,5
activities for 5 year olds,educational activities for 5 year olds printable pdf,6
activities for 5 year olds,activity sheets for 5 year olds printable,7
activities for 5 year olds,activity book for 5 year old printable,8
activities for 5 year olds,maze games for 5 year olds printable,9
activities for 5 year olds,printable activities for 5 year olds pdf,10
activities for 5 year olds,activities for 5 year olds pdf,1
activities for 5 year olds,educational activities for 5 year olds pdf,2
activities for 5 year olds,writing activities for 5 year olds pdf,3
activities for 5 year olds,montessori activities for 5 year olds pdf,4
activities for 5 year olds,reading activities for 5 year olds pdf,6
activities for 5 year olds,handwriting activities for 5 year olds pdf,7
activities for 5 year olds,math activities for 5 year olds pdf,8
activities for 5 year olds,educational activities for 5 year olds pdf free download,9
activities for 5 year olds,writing activities for 5 year olds pdf free download,10
activities for 5 year olds,events for 5 year olds near me,2
activities for 5 year olds,summer activities for 5 year olds near me,5
activities for 5 year olds,sports activities for 5 year olds near me,6
activities for 5 year olds,activities for 5 year old boys near me,7
activities for 5 year olds,extracurricular activities for 5 year olds near me,8
activities for 5 year olds,activities for 3 5 year olds near me,9
activities for 5 year olds,activities for 5 year old girls near me,10
activities for 6 year olds,activities for 6 year olds,1
activities for 6 year olds,activities for 6 year olds near me,2
activities for 6 year olds,activities for 6 year olds at home,3
activities for 6 year olds,activities for 6 year olds london,4
activities for 6 year olds,activities for 6 year olds printable,5
activities for 6 year olds,games for 6 year olds,6
activities for 6 year olds,games for 6 year olds online free,7
activities for 6 year olds,games for 6 year olds online,8
activities for 6 year olds,games for 6 year olds switch,9
activities for 6 year olds,games for 6 year olds free,10
activities for 6 year olds,games for 6 year olds at home,2
activities for 6 year olds,educational activities for 6 year olds at home,3
activities for 6 year olds,fun activities for 6 year olds at home,4
activities for 6 year olds,free educational activities for 6 year olds at home,5
activities for 6 year olds,games for 6 year olds to play at home,6
activities for 6 year olds,indoor physical activities for 6 12 year olds at home,7
activities for 6 year olds,homeschool activities for 6 year olds,8
activities for 6 year olds,indoor games for 6 12 year olds at home,9
activities for 6 year olds,indoor games for 6 12 year olds at home without equipment,10
activities for 6 year olds,activities for 6 year olds indoor,1
activities for 6 year olds,games for 6 year olds indoor,2
activities for 6 year olds,party games for 6 year olds indoors,3
activities for 6 year olds,fun activities for 6 7 year olds indoors,4
activities for 6 year olds,birthday party games for 6 year olds indoors,5
activities for 6 year olds,games for 6 8 year olds indoor,6
activities for 6 year olds,indoor games for 6 12 year olds indoors,7
activities for 6 year olds,indoor activities for 6 year olds near me,8
activities for 6 year olds,indoor activities for 6 year old boy,9
activities for 6 year olds,indoor activities for 6 year old girl,10
activities for 6 year olds,easy activities for 6 year olds,1
activities for 6 year olds,easy activities for 6 year olds at home,2
activities for 6 year olds,easy activities for 6 year old birthday party,3
activities for 6 year olds,easy indoor activities for 6 year olds,4
activities for 6 year olds,easy art activities for 6 year olds,5
activities for 6 year olds,easy craft activities for 6 year olds,6
activities for 6 year olds,easy games for 6 year olds,7
activities for 6 year olds,easy games for 6 year olds online,8
activities for 6 year olds,easy games for 6 year old birthday party,9
activities for 6 year olds,easy games for 6 year old switch,10
activities for 6 year olds,fun activities for 6 year olds,1
activities for 6 year olds,fun activities for 6 year olds near me,2
activities for 6 year olds,fun activities for 6 year old boys,4
activities for 6 year olds,fun activities for 6 year old girls,5
activities for 6 year olds,fun outdoor activities for 6 year olds,6
activities for 6 year olds,fun games for 6 year olds,7
activities for 6 year olds,fun games for 6 year olds to play,8
activities for 6 year olds,fun games for 6 year old girls,9
activities for 6 year olds,fun games for 6 year old birthday party,10
activities for 6 year olds,games for 6 year olds educational,1
activities for 6 year olds,games for 6 year olds learning english,2
activities for 6 year olds,games for 6 year olds learning,3
activities for 6 year olds,ideas for 6 year old school lunch,4
activities for 6 year olds,activities for 6 year olds after school,5
activities for 6 year olds,activities for 6 year olds in school,6
activities for 6 year olds,educational activities for 6 year olds pdf,8
activities for 6 year olds,educational activities for 6 year olds,9
activities for 6 year olds,educational activities for 6 year olds at home pdf,10
activities for 6 year olds,learning activities for 6 year olds printable,2
activities for 6 year olds,maths activities for 6 year olds printable,3
activities for 6 year olds,activity sheets for 6 year olds printable,4
activities for 6 year olds,printable activities for 6 year olds pdf,5
activities for 6 year olds,word search games for 6 year olds printable,6
activities for 6 year olds,printable activities for 6 year old boys,7
activities for 6 year olds,free printable activities for 6 year olds,8
activities for 6 year olds,fun printable activities for 6 year olds,9
activities for 6 year olds,printable games for 6 year olds,10
activities for 6 year olds,activities for 6 year olds pdf,1
activities for 6 year olds,activity sheets for 6 year olds pdf,4
activities for 6 year olds,activity books for 6 year olds pdf,5
activities for 6 year olds,activity sheets for 6 year olds pdf free download,6
activities for 6 year olds,activity sheets for 6 year olds pdf download,7
activities for 6 year olds,activity book for 6 year old pdf free download,8
activities for 6 year olds,activity book for 6 year old pdf free,9
activities for 6 year olds,free educational activities for 6 year olds pdf,10
activities for 6 year olds,events for 6 year olds near me,2
activities for 6 year olds,summer activities for 6 year olds near me,5
activities for 6 year olds,activity classes for 6 year olds near me,6
activities for 6 year olds,activities for 6 year old boys near me,7
activities for 6 year olds,activities for 6 year old girls near me,8
activities for 6 year olds,party ideas for 6 year old near me,9
activities for 6 year olds,birthday ideas for 6 year old near me,10
preschool activities,preschool activities,1
preschool activities,preschool activities at home,2
preschool activities,preschool activities near me,3
preschool activities,preschool activities for 3 year olds,4
preschool activities,preschool activities for 4 year olds,5
preschool activities,preschool activities for 2 year olds,6
preschool activities,preschool activities printable,7
preschool activities,preschool activities for spring,8
preschool activities,preschool activities for earth day,9
preschool activities,preschool activities for st patrick's day,10
preschool activities,preschool activities at home free,2
preschool activities,preschool activities at home pdf,3
preschool activities,preschool activities at home printable,4
preschool activities,preschool activities at home for 3 year olds,5
preschool activities,preschool activities at home 4 year old,6
preschool activities,preschool activities at home worksheets,7
preschool activities,preschool activities at home free printable,8
preschool activities,toddler activities at home,9
preschool activities,toddler activities at home 3 year old,10
preschool activities,preschool activities indoors,1
preschool activities,toddler activities indoors,2
preschool activities,toddler activities indoors near me,3
preschool activities,preschool games indoor,4
preschool activities,toddler activities indoors at home,5
preschool activities,preschool activities rainy day,6
preschool activities,preschool movement activities indoors,7
preschool activities,rainy day preschool activities indoors,8
preschool activities,preschool light activities,9
preschool activities,preschool human body activities,10
preschool activities,toddler activities no prep,1
preschool activities,no prep preschool activities,2
preschool activities,no prep activities for kindergarten,3
preschool activities,low prep preschool activities,4
preschool activities,preschool preparation activities,5
preschool activities,preschool activities easy,1
preschool activities,toddler activities easy,2
preschool activities,toddler activities easy setup,3
preschool activities,toddler activities easy at home,4
preschool activities,preschool art activities easy,5
preschool activities,nursery easy activities,6
preschool activities,easy preschool activities at home,7
preschool activities,easy preschool activities printable,9
preschool activities,easy preschool activities for toddlers,10
preschool activities,preschool activities fun,1
preschool activities,toddler fun activities nyc,2
preschool activities,preschool fun activities printable,3
preschool activities,toddler activities fun,4
preschool activities,pre school fun activities,5
preschool activities,toddler fun activities near me,6
preschool activities,preschool fundraising ideas,7
preschool activities,toddler fun activities indoor,8
preschool activities,toddler fun activities at home,9
preschool activities,nursery fun activities,10
preschool activities,preschool educational activities,1
preschool activities,preschool educational activities at home,2
preschool activities,preschool educational activities printable,3
preschool activities,preschool educational activities for kids,4
preschool activities,toddler activities educational,5
preschool activities,preschool activities school,6
preschool activities,preschool activities school holidays,7
preschool activities,preschool learning activities educational workbook,8
preschool activities,toddler educational activities at home,9
preschool activities,toddler educational activities near me,10
preschool activities,preschool activities printable free,2
preschool activities,preschool activities printable pdf free download,3
preschool activities,preschool activities printable pdf,4
preschool activities,preschool printable activities for kids,5
preschool activities,preschool printable activities for 4 year olds,6
preschool activities,toddler activities printable,7
preschool activities,toddler activities printable pdf,8
preschool activities,toddler activities printable free,9
preschool activities,toddler activities printable pdf free download,10
preschool activities,preschool activities pdf,1
preschool activities,preschool activities pdf free download,2
preschool activities,preschool themes pdf,3
preschool activities,toddler activities pdf,4
preschool activities,nursery activities pdf,5
preschool activities,toddler activities pdf free download,6
preschool activities,preschool themes pdf free download,7
preschool activities,daycare activities pdf,8
preschool activities,nursery activities pdf free download,9
preschool activities,preschool games pdf,10
preschool activities,preschool activities near me today,2
preschool activities,preschool activities near me for toddlers,3
preschool activities,preschool activities near me this weekend,4
preschool activities,preschool activities near me tomorrow,5
preschool activities,toddler activities near me,6
preschool activities,toddler activities near me today,7
preschool activities,preschool classes near me,8
preschool activities,toddler activities near me for 2 year olds,9
preschool activities,toddler activities near me this weekend,10
kindergarten activities,kindergarten activities,1
kindergarten activities,kindergarten activities at home,2
kindergarten activities,kindergarten activities printable,3
kindergarten activities,kindergarten activities ideas,4
kindergarten activities,kindergarten activities for spring,5
kindergarten activities,kindergarten activities near me,6
kindergarten activities,kindergarten activities online free,7
kindergarten activities,kindergarten activities for kids,8
kindergarten activities,kindergarten activities printable free,9
kindergarten activities,kindergarten activities for earth day,10
kindergarten activities,kindergarten activities at home printable,2
kindergarten activities,kinder activities at home,3
kindergarten activities,kindergarten lessons at home,10
kindergarten activities,kindergarten games indoor,2
kindergarten activities,kindergarten activities indoor,3
kindergarten activities,kinder activities indoor,4
kindergarten activities,indoor kid activity places,5
kindergarten activities,kindergarten activities no prep,1
kindergarten activities,kindergarten games no prep,2
kindergarten activities,kindergarten math games no prep,3
kindergarten activities,kindergarten activities easy,1
kindergarten activities,kinder activities easy,2
kindergarten activities,kindergarten activities crafts,4
kindergarten activities,kindergarten stem activities easy,5
kindergarten activities,easy kindergarten craft activities,6
kindergarten activities,kindergarten activities fun,1
kindergarten activities,kindergarten fun activities printable,2
kindergarten activities,kindergarten fun activities worksheets,3
kindergarten activities,kindergarten fundations activities,4
kindergarten activities,kinder fun activities,6
kindergarten activities,kindergarten fundraising ideas,7
kindergarten activities,kindergarten fun ideas,9
kindergarten activities,kindergarten fundations lesson plans,10
kindergarten activities,kindergarten educational activities,1
kindergarten activities,kindergarten activities school,2
kindergarten activities,kindergarten school activities printable,7
kindergarten activities,kindergarten teaching activities,8
kindergarten activities,easy kindergarten activities,10
kindergarten activities,kindergarten activities printable pdf free download,3
kindergarten activities,kindergarten activities printable pdf,4
kindergarten activities,kindergarten printable activities for kids,5
kindergarten activities,kindergarten lessons printable,9
kindergarten activities,kindergarten activities pdf,1
kindergarten activities,kindergarten activities pdf free download,2
kindergarten activities,kinder activities pdf,3
kindergarten activities,kindergarten lessons pdf free download,4
kindergarten activities,kindergarten lessons pdf free download english,6
kindergarten activities,kindergarten lessons pdf,7
kindergarten activities,kindergarten lessons pdf free download philippines,8
kindergarten activities,kindergarten games pdf,10
kindergarten activities,kinder activities near me,2
kindergarten activities,kindergarten teaching near me,6
kindergarten activities,kindergarten events near me,7
kindergarten activities,kinder events near me,10
toddler activities,toddler activities jersey city,1
toddler activities,toddler activities nyc,2
toddler activities,toddler activities,4
toddler activities,toddler activities long island,5
toddler activities,toddler activities brooklyn,6
toddler activities,toddler activities nj,7
toddler activities,toddler activities queens,8
toddler activities,toddler activities bergen county,10
toddler activities,toddler activities at home 2 year old,2
toddler activities,toddler activities at home 4 year old,3
toddler activities,toddler activities at home 18 months,5
toddler activities,toddler activities at home diy,6
toddler activities,toddler activities at home 1 year old,7
toddler activities,toddler activities at home ideas,8
toddler activities,toddler activities at home 16 month old,9
toddler activities,toddler activities at home 2.5 year old,10
toddler activities,kids activities indoors,3
toddler activities,kids activities indoors near me,4
toddler activities,children's activities indoors near me,5
toddler activities,toddler things to do indoors,6
toddler activities,kids activities indoors at home,7
toddler activities,toddler activities indoor at home,8
toddler activities,toddler activities rainy day,9
toddler activities,toddler activities inside,10
toddler activities,kids activities easy,4
toddler activities,toddler activities made easy,5
toddler activities,toddler activities made easy book,6
toddler activities,toddler halloween activities easy,7
toddler activities,infant easy activities,8
toddler activities,toddler entertainment activity easy,9
toddler activities,busy toddler easy activities,10
toddler activities,toddler fun activities london,6
toddler activities,toddler fun activities to do,7
toddler activities,kids activities fun,8
toddler activities,kids activities fun near me,9
toddler activities,kids activities funan,10
toddler activities,toddler educational activities for 2 year olds,4
toddler activities,kids activities educational,5
toddler activities,toddler activities school holidays,6
toddler activities,toddler activities school,7
toddler activities,kids educational activities near me,8
toddler activities,toddler educational classes near me,9
toddler activities,kids educational activities at home,10
toddler activities,toddler activities printable free download,5
toddler activities,toddler printable activities for 3 year olds,6
toddler activities,toddler printable activities for 2 year olds,7
toddler activities,toddler printable activities free pdf,8
toddler activities,kids activities printable,9
toddler activities,kids activities printable free,10
toddler activities,kids activities pdf,3
toddler activities,kids activities pdf free download,4
toddler activities,children activities pdf,5
toddler activities,kids activities pdf free,6
toddler activities,infant activities pdf,7
toddler activities,kids activities pdf download,8
toddler activities,toddler cutting activities pdf,10
toddler activities,toddler activities near me within 5 mi,5
toddler activities,toddler activities near me tomorrow,7
toddler activities,toddler activities near me free,8
toddler activities,toddler activities near me open now,9
no prep activities for kids,no prep activities for kids,1
no prep activities for kids,no cook activities for kids,2
no prep activities for kids,easy no prep activities for kids,5
no prep activities for kids,no prep outdoor activities for kids,6
no prep activities for kids,no cook activities for preschoolers,7
no prep activities for kids,no cook food activities for kids,8
no prep activities for kids,easy no prep activities for toddlers,9
no prep activities for kids,stem activities for kids no prep,10
indoor activities for kids,indoor activities for kids,1
indoor activities for kids,indoor activities for kids nyc,2
indoor activities for kids,indoor activities for kids brooklyn,3
indoor activities for kids,indoor activities for kids near me,4
indoor activities for kids,indoor activities for kids nj,5
indoor activities for kids,indoor activities for kids long island,6
indoor activities for kids,indoor activities for kids at home,7
indoor activities for kids,indoor activities for kids westchester,8
indoor activities for kids,indoor activities for kids monmouth county nj,9
indoor activities for kids,indoor activities for kids within 5 mi,10
indoor activities for kids,indoor activities for kids at home during summer,2
indoor activities for kids,indoor activities for toddlers at home,3
indoor activities for kids,rainy day activities for kids at home,4
indoor activities for kids,inside activities for kids at home,5
indoor activities for kids,indoor fun for kids at home,6
indoor activities for kids,indoor activities for preschoolers at home,7
indoor activities for kids,indoor ideas for kids at home,8
indoor activities for kids,indoor things to do for kids at home,9
indoor activities for kids,fun indoor activities for kids at home,10
indoor activities for kids,indoor activities for kids indoors,1
indoor activities for kids,indoor activities for toddlers indoors,2
indoor activities for kids,indoor activities for preschoolers indoors,3
indoor activities for kids,indoor activities for children indoors,4
indoor activities for kids,indoor fun for kids indoors,5
indoor activities for kids,indoor activities for kids rainy day,6
indoor activities for kids,indoor activities for kids inside,7
indoor activities for kids,fun indoor activities for kids indoors,8
indoor activities for kids,indoor activities for kids winnipeg indoors,9
indoor activities for kids,indoor activities for kids singapore indoors,10
indoor activities for kids,indoor activities for kids easy,1
indoor activities for kids,fun activities for kids easy,2
indoor activities for kids,easy fun indoor activities for kids,3
indoor activities for kids,what to do indoors with toddler,4
indoor activities for kids,kid friendly indoor activities,5
indoor activities for kids,indoor kid friendly things to do,6
indoor activities for kids,indoor activities for kids fun,1
indoor activities for kids,fun indoor activities for kids nyc,2
indoor activities for kids,indoor activities for family fun,3
indoor activities for kids,indoor activities for kids play date,4
indoor activities for kids,indoor activities for kids to play,5
indoor activities for kids,fun indoor activities for kids near me,6
indoor activities for kids,fun indoor activities for kids and adults,8
indoor activities for kids,fun indoor activities for kids at school,9
indoor activities for kids,fun indoor activities for kids birthday party,10
indoor activities for kids,indoor educational activities for kids,1
indoor activities for kids,indoor educational activities for kids near me,2
indoor activities for kids,fun activities for kids educational,3
indoor activities for kids,what indoor activities for toddlers,5
indoor activities for kids,what are some indoor activities,6
indoor activities for kids,indoor activities for kids printable,1
indoor activities for kids,rainy day activities for kids printable,2
indoor activities for kids,inside out activities for kids printable,3
indoor activities for kids,fun activities for kids printable,4
indoor activities for kids,fun activities for kids printable pdf,5
indoor activities for kids,fun activities for kids printable free,6
indoor activities for kids,what are examples of indoor activities,8
indoor activities for kids,indoor activities for kids pdf,1
indoor activities for kids,indoor group therapy activities for kids pdf,2
indoor activities for kids,indoor gross motor activities for preschoolers pdf,3
indoor activities for kids,fun activities for kids pdf,4
indoor activities for kids,indoor heavy work activities for toddlers pdf,5
indoor activities for kids,what to do indoors with family,7
indoor activities for kids,what to do indoors with 2 year old,8
indoor activities for kids,indoor activities for kids near me this weekend,4
indoor activities for kids,indoor activities for kids near me today,5
indoor activities for kids,indoor activities for kids near me open now,6
indoor activities for kids,indoor activities for kids near me within 20 mi,7
indoor activities for kids,indoor activities for kids near me free,8
indoor activities for kids,indoor activities for kids near me within 5 mi,9
indoor activities for kids,indoor fun for kids near me,10
rainy day activities for kids,rainy day activities for kids near me,1
rainy day activities for kids,rainy day activities for kids in school,3
rainy day activities for kids,rainy day activities for kids in miami,4
rainy day activities for kids,rainy day activities for kids,5
rainy day activities for kids,rainy day activities for kids san francisco,6
rainy day activities for kids,rainy day activities for kids austin,7
rainy day activities for kids,rainy day activities for kids dublin,8
rainy day activities for kids,rainy day activities for kids cape town,9
rainy day activities for kids,rainy day activities for kids brisbane,10
rainy day activities for kids,rainy day activities for kids at home indoors,2
rainy day activities for kids,rainy day activities for toddlers at home,3
rainy day activities for kids,rainy day ideas for kids at home,4
rainy day activities for kids,rainy day activities for preschoolers at home,5
rainy day activities for kids,wet day activities for kids at home,6
rainy day activities for kids,rainy day games for kids at home,7
rainy day activities for kids,fun rainy day activities for kids at home,8
rainy day activities for kids,rainy day things to do with kids at home,9
rainy day activities for kids,rainy day activities for kids indoor,1
rainy day activities for kids,indoor rainy day activities,2
rainy day activities for kids,what to do with a kid on a rainy day,3
rainy day activities for kids,rainy day activities for 12 year olds,4
rainy day activities for kids,indoor games for kids no prep,1
rainy day activities for kids,easy rainy day activities,2
rainy day activities for kids,rainy day activities for tweens,4
rainy day activities for kids,easy rainy day activities for kids,1
rainy day activities for kids,easy rainy day activities for toddlers,2
rainy day activities for kids,easy rainy day activities for preschoolers,3
rainy day activities for kids,fun rainy day activities for kids,1
rainy day activities for kids,fun rainy day activities for kids near me,3
rainy day activities for kids,fun indoor rainy day activities for kids,4
rainy day activities for kids,fun rainy day activities for toddlers,5
rainy day activities for kids,fun rainy day games for kids,6
rainy day activities for kids,fun rainy day activities for preschoolers,7
rainy day activities for kids,what are rainy day activities,9
rainy day activities for kids,rainy day activities for 10 year olds,3
rainy day activities for kids,rainy day activities for toddlers near me,2
rainy day activities for kids,rainy day things to do with kids near me,3
rainy day activities for kids,rainy days for kids near me,4
rainy day activities for kids,rainy day activities for toddlers melbourne,8
screen free activities for kids,screen free activities for kids,1
screen free activities for kids,screen free activities for kids at home,2
screen free activities for kids,screen free activities for kids book,3
screen free activities for kids,screen free activities for kids in the car,4
screen free activities for kids,screen free activities for kids indoors,5
screen free activities for kids,screen free activities for kids amazon,6
screen free activities for kids,screen free activities for kids pdf,7
screen free activities for kids,screen free ideas for kids,8
screen free activities for kids,screen free activities for toddlers,9
screen free activities for kids,screen free activities for preschoolers,10
screen free activities for kids,screen free activities for toddlers at home,2
screen free activities for kids,screen free activities for 11 year olds,3
screen free activities for kids,screen free activities for 10 year olds,4
screen free activities for kids,screen free activities for 7 year olds,5
screen free activities for kids,easy screen free activities for toddlers,1
screen free activities for kids,fun screen free activities for kids,1
screen free activities for kids,150+ screen free activities for kids pdf,2
screen free activities for kids,screen free activities for 8 year olds,4
independent activities for kids,independent activities for kids,1
independent activities for kids,independent activities for kids at home,2
independent activities for kids,independent activities for kids with adhd,3
independent activities for kids,independent activities for kids with autism,4
independent activities for kids,independence activity for kids in school,5
independent activities for kids,independent work for kids,6
independent activities for kids,fun independent activities for kids,7
independent activities for kids,independent outdoor activities for kids,8
independent activities for kids,independent summer activities for kids,9
independent activities for kids,quiet independent activities for kids,10
independent activities for kids,independent activities for 10 year olds,2
independent activities for kids,independent activities for 9 year olds,3
independent activities for kids,at home children's activities,4
independent activities for kids,fun children's activities,3
independent activities for kids,independent activities for 5 year olds,4
independent activities for kids,independence day activities for kids pdf,1
independent activities for kids,easy children's activities at home,3
independent activities for kids,independent activities for 7 year olds,4
fine motor activities for kids,fine motor activities for kids,1
fine motor activities for kids,fine motor activities for kids with autism,2
fine motor activities for kids,fine motor activities for kids at home,3
fine motor activities for kids,fine motor activities for kids occupational therapy,4
fine motor activities for kids,fine motor activities for kids pdf,5
fine motor activities for kids,fine motor activities for kids with down syndrome,6
fine motor activities for kids,fine motor skills for kids,7
fine motor activities for kids,fine motor games for kids,8
fine motor activities for kids,fine motor exercises for kids,9
fine motor activities for kids,fine motor ideas for kids,10
fine motor activities for kids,fine motor activities for toddlers at home,2
fine motor activities for kids,fine motor activities for preschoolers at home,3
fine motor activities for kids,fine motor skills for kids at home,4
fine motor activities for kids,easy fine motor activities at home,5
fine motor activities for kids,fine motor activities at home,6
fine motor activities for kids,fine motor activities for preschoolers indoors,1
fine motor activities for kids,what are some fine motor activities for toddlers,2
fine motor activities for kids,easy fine motor activities for kids,1
fine motor activities for kids,easy fine motor activities for toddlers,2
fine motor activities for kids,easy fine motor activities for preschoolers,3
fine motor activities for kids,easy fine motor activities,4
fine motor activities for kids,fine motor activities for 11 year olds,6
fine motor activities for kids,fun fine motor activities for kids,1
fine motor activities for kids,functional fine motor activities for kids,2
fine motor activities for kids,fun fine motor activities for preschoolers,3
fine motor activities for kids,fun fine motor activities for toddlers,4
fine motor activities for kids,fun fine motor games for kids,5
fine motor activities for kids,fun fine motor activities for boys,6
fine motor activities for kids,fun fine motor activities for older kids,7
fine motor activities for kids,fun fine motor activities,8
fine motor activities for kids,fine motor activities,9
fine motor activities for kids,fun fine motor activities for 5 year olds,10
fine motor activities for kids,fine motor activities for toddlers printable,1
fine motor activities for kids,fine motor activities for preschoolers printables,2
fine motor activities for kids,fine motor activities for preschoolers worksheets,3
fine motor activities for kids,fine motor activities for preschoolers pdf printable,4
fine motor activities for kids,fine motor activities for preschoolers pdf,2
fine motor activities for kids,fine motor activities for toddlers pdf,3
fine motor activities for kids,fine motor activities for preschoolers pdf free download,4
fine motor activities for kids,fine motor skills for preschoolers pdf,6
fine motor activities for kids,list of fine motor activities for preschoolers pdf,7
fine motor activities for kids,fine motor skills comments for preschoolers pdf,8
fine motor activities for kids,printable list of fine motor activities for preschoolers pdf,9
gross motor activities for kids,gross motor activities for kids,1
gross motor activities for kids,gross motor activities for kids with autism,2
gross motor activities for kids,gross motor activities for kids occupational therapy,3
gross motor activities for kids,gross motor activities for kids at home,4
gross motor activities for kids,gross motor activities for kids in the classroom,5
gross motor activities for kids,gross motor activities for kids with cerebral palsy,6
gross motor activities for kids,gross motor activities for kids indoors,7
gross motor activities for kids,gross motor activities for kids pdf,8
gross motor activities for kids,gross motor activities for kids ot,9
gross motor activities for kids,gross motor games for kids,10
gross motor activities for kids,gross motor activities for toddlers at home,2
gross motor activities for kids,gross motor activities for preschoolers at home,3
gross motor activities for kids,gross motor activities at home,4
gross motor activities for kids,gross motor activities for toddlers indoors,2
gross motor activities for kids,gross motor activities for preschoolers indoors,3
gross motor activities for kids,gross motor games for preschoolers indoors,4
gross motor activities for kids,large motor activities for preschoolers indoors,5
gross motor activities for kids,gross motor indoor activities,6
gross motor activities for kids,examples of gross motor activities,8
gross motor activities for kids,easy gross motor activities for kids,1
gross motor activities for kids,easy gross motor activities for toddlers,2
gross motor activities for kids,easy gross motor activities for preschoolers,3
gross motor activities for kids,easy gross motor games for kids,4
gross motor activities for kids,simple gross motor activities,5
gross motor activities for kids,gross motor activities for 10 year olds,6
gross motor activities for kids,fun gross motor activities for kids,1
gross motor activities for kids,fun gross motor activities for preschoolers,2
gross motor activities for kids,fun gross motor activities for toddlers,3
gross motor activities for kids,fun gross motor games for kids,4
gross motor activities for kids,fun gross motor activities,5
gross motor activities for kids,gross motor activities for preschoolers printable,1
gross motor activities for kids,gross motor activities for toddlers printable,2
gross motor activities for kids,list of gross motor activities,5
gross motor activities for kids,gross motor activities for 6 year olds,6
gross motor activities for kids,gross motor activities for toddlers pdf,2
gross motor activities for kids,gross motor activities for preschoolers pdf,3
stem activities for kids,stem activities for kids,1
stem activities for kids,stem activities for kids near me,2
stem activities for kids,stem activities for kids easy,3
stem activities for kids,stem activities for kids at home,4
stem activities for kids,stem activities for kids summer camp,5
stem activities for kids,stem activities for kids elementary,6
stem activities for kids,stem activities for kids engineering,7
stem activities for kids,stem activities for kids with paper,8
stem activities for kids,stem activities for kids 2nd grade,9
stem activities for kids,stem activities for kids meaning,10
stem activities for kids,science activities for kids at home,2
stem activities for kids,stem projects for kids at home,3
stem activities for kids,stem activities for toddlers at home,4
stem activities for kids,engineering activities for kids at home,5
stem activities for kids,stem activities for preschoolers at home,6
stem activities for kids,easy stem activities for kids at home,7
stem activities for kids,science activities for preschoolers at home,8
stem activities for kids,science activities for toddlers at home,9
stem activities for kids,fun science activities for kids at home,10
stem activities for kids,science activities for kids no prep,2
stem activities for kids,easy no prep stem activities,3
stem activities for kids,no prep stem activities,4
stem activities for kids,stem easy activities,5
stem activities for kids,stem activities for 11 year olds,6
stem activities for kids,stem activities for all ages,7
stem activities for kids,stem projects for kids easy,2
stem activities for kids,science activities for kids easy,3
stem activities for kids,stem ideas for kids easy,4
stem activities for kids,science activities for preschoolers easy,5
stem activities for kids,science activities for toddlers easy,6
stem activities for kids,easy stem activities for kids no equipment,7
stem activities for kids,easy stem activities for kids free,9
stem activities for kids,fun easy stem activities for kids,10
stem activities for kids,stem activities for kids fun,1
stem activities for kids,fun winter stem activities for kids,3
stem activities for kids,fun stem activities for elementary kids,4
stem activities for kids,fun stem.activities for young kids,5
stem activities for kids,fun stem activities,6
stem activities for kids,educational stem activities for kids,1
stem activities for kids,stem children's activities,2
stem activities for kids,stem activities for 8 year olds,3
stem activities for kids,stem activities for 9 year olds,4
stem activities for kids,stem activities for kids printable,1
stem activities for kids,science activities for kids printable,2
stem activities for kids,science activities for preschoolers printables,3
stem activities for kids,science activities for preschoolers printables free,4
stem activities for kids,science activities for kids worksheets,5
stem activities for kids,science activities for kids worksheets pdf free download,6
stem activities for kids,fall stem activities for preschoolers printable,7
stem activities for kids,free printable stem activities for kids,8
stem activities for kids,stem activities for kids pdf,1
stem activities for kids,stem activities for preschoolers pdf,2
stem activities for kids,stem activities for preschoolers pdf free download,3
stem activities for kids,science activities for kids pdf,4
stem activities for kids,engineering activities for kids pdf,5
stem activities for kids,stem projects for kids pdf,6
stem activities for kids,awesome engineering activities for kids pdf,7
stem activities for kids,fun science activities for kids pdf,9
stem activities for kids,science activities for kids near me,2
stem activities for kids,stem events for kids near me,3
stem activities for kids,stem projects for kids near me,4
stem activities for kids,science events for kids near me,5
stem activities for kids,science stuff for kids near me,6
stem activities for kids,science projects for kids near me,7
stem activities for kids,science things to do with kids near me,9
stem activities for kids,science activities for kids melbourne,10
science activities for kids,science activities for kids,1
science activities for kids,science activities for kids at school,4
science activities for kids,science activities for kids outside,5
science activities for kids,science activities for kids light and color,7
science activities for kids,science activities for kids london,9
science activities for kids,science activities for kids sydney,10
science activities for kids,science experiments for kids at home,2
science activities for kids,science experiments for kids at home easy,3
science activities for kids,science experiments for kids at home lava lamp,4
science activities for kids,science lessons for kids at home,5
science activities for kids,science experiments for kids at home videos,6
science activities for kids,science experiments for kids at home book,7
science activities for kids,science experiments for kids at home pdf,8
science activities for kids,science experiments for kids at home uk,9
science activities for kids,science experiments for kids indoors,1
science activities for kids,science experiments for kids inside,2
science activities for kids,science activities to do at home,3
science activities for kids,science night activities,4
science activities for kids,science experiments for kids no prep,2
science activities for kids,easy science experiments for kids no prep,3
science activities for kids,easy science activities for kindergarten,4
science activities for kids,science activities for 10 year olds,5
science activities for kids,science activities for 12 year olds,6
science activities for kids,science experiments for kids easy,2
science activities for kids,science experiments for kids easy at home,3
science activities for kids,science experiments for kids easy at school,4
science activities for kids,science ideas for kids easy,5
science activities for kids,fun science experiments for kids easy,8
science activities for kids,cool science experiments for kids easy,9
science activities for kids,science project ideas for kids easy,10
science activities for kids,science experiments for kids fun,1
science activities for kids,science experiments for kids entertainment,2
science activities for kids,fun science activities for kids,3
science activities for kids,fun science activities for kids at school,6
science activities for kids,fun easy science activities for kids,7
science activities for kids,fun outdoor science activities for kids,8
science activities for kids,fun food science activities for kids,9
science activities for kids,fun summer science activities for kids,10
science activities for kids,science experiments for kids educational,1
science activities for kids,science experiments for kids learning,2
science activities for kids,educational science activities for kids,3
science activities for kids,science activities for 8 year olds,4
science activities for kids,science activities for 9 year olds,5
science activities for kids,science activities for school students,6
science activities for kids,science experiments for kids printable,3
science activities for kids,science lessons for kids printable,5
science activities for kids,science experiments for kids worksheet,8
science activities for kids,easy science experiments for kids printable,9
science activities for kids,science experiments for kids pdf,2
science activities for kids,science lessons for kids pdf,3
science activities for kids,science experiments for kids pdf free,4
science activities for kids,science experiments for kids pdf at home,5
science activities for kids,science experiments for preschoolers pdf,8
science activities for kids,science lessons for preschoolers pdf,9
science activities for kids,100 science experiments for kids pdf,10
science activities for kids,science experiments for kids near me,2
science activities for kids,science experiment classes for kids near me,5
science activities for kids,science experiments for kids mess free,6
science activities for kids,simple science activities,8
science activities for kids,science city activities,9
sensory activities for kids,sensory activities for kids,1
sensory activities for kids,sensory activities for kids with autism,2
sensory activities for kids,sensory activities for kids near me,3
sensory activities for kids,sensory activities for kids with adhd,4
sensory activities for kids,sensory activities for kids at home,5
sensory activities for kids,sensory activities for kids with special needs,6
sensory activities for kids,sensory activities for kids at school,7
sensory activities for kids,sensory activities for kids before bed,8
sensory activities for kids,sensory activities for kids with disabilities,9
sensory activities for kids,sensory activities for kids with pica,10
sensory activities for kids,sensory activities for toddlers at home,2
sensory activities for kids,sensory play for kids at home,3
sensory activities for kids,sensory activities for preschoolers at home,4
sensory activities for kids,sensory play for toddlers at home,5
sensory activities for kids,easy sensory activities for toddlers at home,6
sensory activities for kids,fun sensory activities for toddlers at home,7
sensory activities for kids,diy sensory activities for toddlers at home,8
sensory activities for kids,sensory play ideas for toddlers at home,9
sensory activities for kids,homemade sensory activities for kids,10
sensory activities for kids,sensory activities for toddlers indoors,1
sensory activities for kids,winter sensory activities for toddlers indoors,2
sensory activities for kids,sensory activities for 12 year olds,3
sensory activities for kids,sensory home activities,4
sensory activities for kids,list of sensory play activities,5
sensory activities for kids,what are some sensory activities,6
sensory activities for kids,sensory activities for kids easy,1
sensory activities for kids,sensory activities for toddlers easy,2
sensory activities for kids,easy fun sensory activities for kids,3
sensory activities for kids,sensory activities for 11 year olds,4
sensory activities for kids,easy sensory activities,5
sensory activities for kids,fun sensory activities for kids,1
sensory activities for kids,fun sensory activities for kids with autism,2
sensory activities for kids,fun sensory activities for older kids,4
sensory activities for kids,sensory day activities,6
sensory activities for kids,sensory play activities,7
sensory activities for kids,five senses activities for preschool printables,1
sensory activities for kids,five senses activities for preschool printables free,2
sensory activities for kids,5 senses activities for toddlers printable,3
sensory activities for kids,five senses activities for preschool printables pdf free download,4
sensory activities for kids,sensory activities for 10 year olds,5
sensory activities for kids,sensory activities for 9 year olds,7
sensory activities for kids,sensory activities for 7 year olds,8
sensory activities for kids,sensory activities for kids pdf,1
sensory activities for kids,sensory activities for toddlers pdf,2
sensory activities for kids,sensory activities for preschoolers pdf,3
sensory activities for kids,sensory play for toddlers pdf,4
sensory activities for kids,list of sensory activities for toddlers,8
sensory activities for kids,sensory activities for toddlers near me,2
sensory activities for kids,sensory play for kids near me,3
sensory activities for kids,sensory events for kids near me,4
sensory activities for kids,sensory friendly activities for kids near me,5
sensory activities for kids,sensory play for toddlers near me,6
sensory activities for kids,sensory activities near me,7
learning activities for kids,learning activities for kids,1
learning activities for kids,learning activities for kids near me,2
learning activities for kids,learning activities for kids at home,3
learning activities for kids,learning activities for kids in summer,4
learning activities for kids,learning activities for kids in school,5
learning activities for kids,learning activities for kids pdf,6
learning activities for kids,learning activities for kids online,7
learning activities for kids,learning activities for kids with autism,8
learning activities for kids,learning activities for kids with adhd,9
learning activities for kids,learning activities for kids printable,10
learning activities for kids,educational activities for kids at home,2
learning activities for kids,learning activities for toddlers at home,3
learning activities for kids,learning activities for preschoolers at home,4
learning activities for kids,fun learning activities for kids at home,5
learning activities for kids,summer learning activities for kids at home,6
learning activities for kids,educational activities for toddlers at home,7
learning activities for kids,fun educational activities for kids at home,8
learning activities for kids,fun learning activities for toddlers at home,9
learning activities for kids,free educational activities for kids at home,10
learning activities for kids,educational activities for kids indoor,1
learning activities for kids,easy learning activities for kids,1
learning activities for kids,easy children's activities,2
learning activities for kids,fun learning activities for kids,1
learning activities for kids,fun learning activities for kids printable,3
learning activities for kids,fun learning activities for kids in school,4
learning activities for kids,fun learning activities for kids near me,5
learning activities for kids,fun learning activities for kids online,6
learning activities for kids,fun learning activities for kids pdf,7
learning activities for kids,fun learning activities for kids preschool,8
learning activities for kids,fun learning activities for kids with autism,9
learning activities for kids,fun learning activities for kids english,10
learning activities for kids,educational learning activities for kids,1
learning activities for kids,what are educational activities,2
learning activities for kids,learning activities for toddlers printable,2
learning activities for kids,educational activities for kids printable free,3
learning activities for kids,learning activities for preschoolers printables,4
learning activities for kids,educational activities for toddlers printable,6
learning activities for kids,educational activities for kids worksheets,7
learning activities for kids,christmas learning activities for preschoolers printable,8
learning activities for kids,learning activities for 7 year olds,9
learning activities for kids,educational activities for kids pdf,2
learning activities for kids,classroom activities for kids pdf,3
learning activities for kids,learning activities for toddlers pdf,4
learning activities for kids,english learning activities for kids pdf,6
learning activities for kids,educational activities for preschoolers pdf,7
learning activities for kids,educational activities for preschoolers pdf free download,8
learning activities for kids,free educational activities for kids pdf,9
learning activities for kids,creative learning activities for preschoolers pdf,10
learning activities for kids,educational activities for kids near me,2
learning activities for kids,learning activities for toddlers near me,3
learning activities for kids,learning events for kids near me,4
learning activities for kids,free learning activities for kids near me,6
learning activities for kids,educational events for kids near me,7
learning activities for kids,educational activities for toddlers near me,8
learning activities for kids,educational things to do with kids near me,9
learning activities for kids,learning activities for toddlers 1 2 years near me,10
educational activities for kids,educational activities for kids,1
educational activities for kids,educational activities for kids printable,4
educational activities for kids,educational activities for kids summer,6
educational activities for kids,educational activities for kids online,7
educational activities for kids,educational activities for kids in school,8
educational activities for kids,educational activities for kids 4 years,10
educational activities for kids,school activities for kids at home,4
educational activities for kids,educational activities for preschoolers at home,5
educational activities for kids,after school activities for kids at home,9
educational activities for kids,ideas for children's activities at home,3
educational activities for kids,easy educational activities for kids,1
educational activities for kids,kid friendly activities,2
educational activities for kids,fun educational activities for kids,1
educational activities for kids,fun educational activities for kids near me,2
educational activities for kids,fun educational activities for kids online,4
educational activities for kids,fun educational activities for kids pdf,5
educational activities for kids,fun outdoor educational activities for kids,6
educational activities for kids,fun educational activities for kids in school,7
educational activities for kids,school activities for kids printable,3
educational activities for kids,sunday school activities for kids printable,8
educational activities for kids,educational activities for toddlers pdf,6
educational activities for kids,school activities for kids pdf,7
educational activities for kids,educational english activities for kids pdf,9
educational activities for kids,school activities for kids near me,3
educational activities for kids,after school activities for kids near me,4
educational activities for kids,school holiday activities for kids near me,5
educational activities for kids,free after school activities for kids near me,7
educational activities for kids,after school activities for toddlers near me,8
educational activities for kids,things to do with elementary kids near me,9
educational activities for kids,children's educational activities near me,10
math activities for kids,math activities for kids,1
math activities for kids,math activities for kids worksheet,2
math activities for kids,math activities for kids online,3
math activities for kids,math activities for kids at home,4
math activities for kids,math activities for kids printable,5
math activities for kids,math activities for kids with autism,6
math activities for kids,math activities for kids pdf,7
math activities for kids,math activities for kids with adhd,8
math activities for kids,math activities for kids free,9
math activities for kids,maths activities for kids eyfs,10
math activities for kids,math activities for preschoolers at home,2
math activities for kids,simple math activities for preschoolers at home,3
math activities for kids,easy math activities for kids,1
math activities for kids,fun and easy math activities for kids,2
math activities for kids,easy math activities for toddlers,3
math activities for kids,easy maths activities,4
math activities for kids,easy math activities for preschoolers,5
math activities for kids,math worksheets for kids fun,1
math activities for kids,fun math activities for kids,2
math activities for kids,fun maths activities for kids free,3
math activities for kids,math fun day activities,5
math activities for kids,math in everyday life activities,6
math activities for kids,math day activities,7
math activities for kids,fun maths activities for 5 year olds,8
math activities for kids,activities in math,9
math activities for kids,math activities for preschoolers printable,2
math activities for kids,math activities for toddlers printable,3
math activities for kids,math game for kids printable,4
math activities for kids,math hat ideas for kids printable,6
math activities for kids,winter math activities for preschoolers printable,7
math activities for kids,spring math activities for preschoolers printable,8
math activities for kids,fall math activities for preschoolers printable,9
math activities for kids,christmas math activities for preschoolers printable,10
math activities for kids,math activities for preschoolers pdf,2
math activities for kids,math worksheets for kids pdf,3
math activities for kids,math worksheets for kids pdf free download,4
math activities for kids,math worksheets for preschool pdf,5
math activities for kids,math worksheets for preschool pdf free download,6
math activities for kids,maths activity book for kids pdf,7
math activities for kids,5 year old maths activities,9
math activities for kids,math lessons for kids near me,1
math activities for kids,math events for kids near me,2
math activities for kids,math worksheets for kids mean median mode and range,3
math activities for kids,activities for.kids near me,6
reading activities for kids,reading activities for kids,1
reading activities for kids,reading activities for kids with dyslexia,2
reading activities for kids,reading activities for kids printable,3
reading activities for kids,reading activities for kids pdf,4
reading activities for kids,reading activities for kids online,5
reading activities for kids,reading activities for kids with autism,6
reading activities for kids,reading activities for kids free,7
reading activities for kids,reading activities for kids at home,8
reading activities for kids,reading activities for kids worksheet,9
reading activities for kids,reading activities for kids with adhd,10
reading activities for kids,literacy activities for preschoolers at home,2
reading activities for kids,literacy activities for toddlers at home,3
reading activities for kids,reading corner ideas for kids at home,4
reading activities for kids,reading activities for 11 year olds,6
reading activities for kids,easy reading activities for kids,1
reading activities for kids,easy reading activities,2
reading activities for kids,fun reading activities for kids,1
reading activities for kids,fun reading activities for kids printable,2
reading activities for kids,what are some reading activities,3
reading activities for kids,reading activities games,4
reading activities for kids,reading activities for preschoolers printable,2
reading activities for kids,literacy activities for preschoolers printable,5
reading activities for kids,reading activities for 10 year olds,7
reading activities for kids,reading lessons for kids pdf,2
reading activities for kids,book activities for kids pdf,3
reading activities for kids,literacy activities for kids pdf,4
reading activities for kids,reading activities for preschoolers pdf,5
reading activities for kids,reading comprehension activities for kids pdf,6
reading activities for kids,literacy activities for preschoolers pdf,7
reading activities for kids,literacy activities for toddlers pdf,8
reading activities for kids,financial literacy activities for kids pdf,9
reading activities for kids,pre reading activities for preschoolers pdf,10
reading activities for kids,reading lessons for kids near me,1
reading activities for kids,activity book for kids near me,2
reading activities for kids,kid friendly activities to do,4
activities for kids at home,activities for kids at home,1
activities for kids at home,activities for kids at home indoor,2
activities for kids at home,activities for kids at home to keep them busy,3
activities for kids at home,activities for kids at home birthday party,4
activities for kids at home,activities for kids at home depot,5
activities for kids at home,activities for kids at home during summer,6
activities for kids at home,activities for kids at home with paper,7
activities for kids at home,activities for kids at home in summer,8
activities for kids at home,activities for kids at home printable,9
activities for kids at home,activities for kids at home during holidays,10
activities for kids at home,home activities for kids at home,1
activities for kids at home,fun stay at home kid activities,2
activities for kids at home,fun ideas for kids at home indoors,1
activities for kids at home,fun activities for kids at home indoors,3
activities for kids at home,winter activities for kids at home indoors,4
activities for kids at home,activities for toddlers at home indoor,5
activities for kids at home,fun activities for toddlers at home indoors,7
activities for kids at home,party ideas for kids at home indoors,8
activities for kids at home,ideas for kids birthday party at home indoors,9
activities for kids at home,fun activities for kids birthday party at home indoors,10
activities for kids at home,activities for kids at home easy,1
activities for kids at home,fun activities for kids at home easy,2
activities for kids at home,lunch ideas for kids at home easy,3
activities for kids at home,halloween craft ideas for kids at home easy,4
activities for kids at home,easy summer activities for kids at home,5
activities for kids at home,easy christmas activities for kids at home,6
activities for kids at home,easy easter activities for kids at home,8
activities for kids at home,easy craft activities for kids at home,9
activities for kids at home,easy art activities for kids at home,10
activities for kids at home,fun activities for kids at home,1
activities for kids at home,fun activities for kids at home outside,4
activities for kids at home,fun activities for kids at home diy,5
activities for kids at home,fun activities for kids at home summer,6
activities for kids at home,fun activities for kids at home party,7
activities for kids at home,fun christmas activities for kids at home,8
activities for kids at home,fun easter activities for kids at home,9
activities for kids at home,fun halloween activities for kids at home,10
activities for kids at home,activities for toddlers at home learning,1
activities for kids at home,activities for kids at home after school,3
activities for kids at home,activities for toddlers at home printables,2
activities for kids at home,free printable activities for kids at home,3
activities for kids at home,easy family activities at home,6
activities for kids at home,activities for kids at home pdf,1
activities for kids at home,speech therapy activities for toddlers at home pdf,2
activities for kids at home,speech therapy activities for toddlers at home pdf free,3
activities for kids at home,educational speech therapy activities for toddlers at home pdf,4
activities for kids at home,family friendly activities at home,6
activities for kids at home,home depot activities for kids near me,1
activities for kids at home,kid-friendly activities near me,2
activities for kids at home,kid-friendly activities near me free,3
games for kids at home,games for kids at home,1
games for kids at home,games for kids at home indoor,2
games for kids at home,games for kids at home with paper,3
games for kids at home,games for kids at home no equipment,4
games for kids at home,games for kids at home outdoor,5
games for kids at home,games for kids at home birthday party,6
games for kids at home,games for kids at home online,7
games for kids at home,games for kids at home without props,8
games for kids at home,games for kids at home party,9
games for kids at home,games for kids at home download,10
games for kids at home,homemade games for kids at home,1
games for kids at home,home games for kids at home,2
games for kids at home,fun games for kids at home indoors,2
games for kids at home,games for kids birthday party at home indoors,3
games for kids at home,party games for kids at home indoor,4
games for kids at home,games to play at home indoors,5
games for kids at home,christmas games for adults to play at home indoors,7
games for kids at home,games for kids inside home,8
games for kids at home,indoor games for kids at home without equipment,9
games for kids at home,indoor games for kids at home with paper,10
games for kids at home,easy games for kids at home,1
games for kids at home,easy halloween games for kids at home,2
games for kids at home,easy party games for kids at home,3
games for kids at home,easy diy games for kids at home,4
games for kids at home,easy fun games for kids at home,5
games for kids at home,easy indoor games for kids at home,6
games for kids at home,easy outdoor games for kids at home,7
games for kids at home,easy paper games for kids at home,8
games for kids at home,easy games for toddlers at home,9
games for kids at home,easy games for kids birthday party at home,10
games for kids at home,fun games for kids at home,1
games for kids at home,fun games for kids at home without equipment,2
games for kids at home,funny games for kids at home,3
games for kids at home,fun games for kids at home 5 12 years old,4
games for kids at home,fun easter games for kids at home,6
games for kids at home,fun math games for kids at home,7
games for kids at home,fun halloween games for kids at home,8
games for kids at home,fun party games for kids at home,9
games for kids at home,educational games for kids at home,1
games for kids at home,educational games for kids at home free,2
games for kids at home,fun educational games for kids at home,3
games for kids at home,educational indoor games for kids at home,4
games for kids at home,educational games for toddlers at home,5
games for kids at home,educational games for kids to play at home,6
games for kids at home,fun educational games for 8 year olds,7
things to do with kids at home,things to do with kids at home,1
things to do with kids at home,things to do with kids at home indoors,2
things to do with kids at home,things to do with kids at home when bored,3
things to do with kids at home,things to do with kids at home on a rainy day,4
things to do with kids at home,things to do with kids at home outside,5
things to do with kids at home,things to do with kids at home during summer,6
things to do with kids at home,things to do with kids at home for christmas,7
things to do with kids at home,things to do with kids at home in winter,8
things to do with kids at home,things to do with kids at home for free,9
things to do with kids at home,things to do with kids at home in summer,10
things to do with kids at home,things to do with toddlers at home indoors,2
things to do with kids at home,things to do with family at home indoors,3
things to do with kids at home,fun things to do with kids at home indoors,4
things to do with kids at home,things to do with kids at home inside,5
things to do with kids at home,fun things to do with toddlers at home indoors,6
things to do with kids at home,fun things to do with family at home indoors,7
things to do with kids at home,fun things to do with kids at home inside,8
things to do with kids at home,things to do when bored for kids at home indoors,9
things to do with kids at home,fun things to do with friends at home indoors,10
things to do with kids at home,things to do with kids at home easy,1
things to do with kids at home,fun things to do with kids at home easy,2
things to do with kids at home,easy things to do with toddlers at home,3
things to do with kids at home,what are some fun things to do with your family at home,4
things to do with kids at home,things to do with kids at home fun,1
things to do with kids at home,what to do with kids at home for fun,2
things to do with kids at home,fun things to do with kids at home on a rainy day,4
things to do with kids at home,fun things to do with kids at home outside,5
things to do with kids at home,fun things to do with kids at home on new year's eve,6
things to do with kids at home,fun things to do with kids at home summer,7
things to do with kids at home,fun things to do with kids at home for christmas,8
things to do with kids at home,fun things to do with kids at home for free,9
things to do with kids at home,educational things to do with kids at home,1
things to do with kids at home,what to do with kids at home after school,2
things to do with kids at home,things to do with kids after school at home,3
things to do with kids at home,things to do for homeschool kids,4
things to do with kids at home,things to do with your mom at home as a kid near me,1
things to do with kids at home,fun things to do with kids near me at home,2
cardboard activities for kids,cardboard activities for kids,1
cardboard activities for kids,cardboard activities for kids at home,2
cardboard activities for kids,cardboard ideas for kids,3
cardboard activities for kids,cardboard craft for kids,4
cardboard activities for kids,cardboard ideas for kids at home,5
cardboard activities for kids,cardboard stuff for kids,6
cardboard activities for kids,cardboard box activities for kids,7
cardboard activities for kids,simple cardboard activities for kids,8
cardboard activities for kids,diy cardboard activities for kids,9
cardboard activities for kids,cardboard building activities for kids,10
cardboard activities for kids,cardboard activities at home,3
cardboard activities for kids,cardboard craft for kids easy,1
cardboard activities for kids,cardboard ideas for kids easy,2
cardboard activities for kids,easy cardboard activities for kids,3
cardboard activities for kids,easy cardboard activities,5
cardboard activities for kids,cardboard activities for toddlers,6
paper cup activities for kids,paper cup activities for kids,1
paper cup activities for kids,paper cup ideas for kids,2
paper cup activities for kids,paper cup activities for toddlers,3
paper cup activities for kids,paper cup craft ideas for kids,4
paper cup activities for kids,paper cup design ideas for kids,5
paper cup activities for kids,paper cup painting ideas for kids,6
paper cup activities for kids,paper cup decoration ideas for kids,7
paper cup activities for kids,coffee cup craft ideas for kids,8
paper cup activities for kids,paper glass craft ideas for kids,9
paper cup activities for kids,paper cup activity ideas,10
toilet paper roll activities for kids,toilet paper roll activities for kids,1
toilet paper roll activities for kids,toilet paper roll ideas for kids,2
toilet paper roll activities for kids,toilet paper roll activities for toddlers,3
toilet paper roll activities for kids,toilet paper roll activities for preschoolers,4
toilet paper roll activities for kids,toilet paper roll ideas for toddlers,5
toilet paper roll activities for kids,toilet paper roll craft ideas for kids,6
toilet paper roll activities for kids,toilet paper roll art ideas for kids,7
toilet paper roll activities for kids,toilet paper roll craft ideas for toddlers,8
toilet paper roll activities for kids,paper towel roll activities,9
toilet paper roll activities for kids,what to do with toilet paper rolls for toddlers,10
painter tape activities for kids,painters tape activities for kids,1
painter tape activities for kids,masking tape activities for kids,2
painter tape activities for kids,painters tape ideas for kids,3
painter tape activities for kids,painter's tape activities for toddlers,4
painter tape activities for kids,painters tape activities for preschoolers,5
painter tape activities for kids,masking tape ideas for kids,6
painter tape activities for kids,tape painting ideas for kids,7
painter tape activities for kids,masking tape activities for toddlers,8
painter tape activities for kids,masking tape activities for preschoolers,9
painter tape activities for kids,masking tape art ideas for kids,10
lego activities for kids,lego activities for kids,1
lego activities for kids,lego activities for kids near me,2
lego activities for kids,lego activities for kids party,3
lego activities for kids,lego ideas for kids,4
lego activities for kids,lego ideas for kids to build,5
lego activities for kids,lego events for kids,6
lego activities for kids,lego events for kids near me,7
lego activities for kids,lego ideas for kids at home,8
lego activities for kids,lego ideas for kids easy,9
lego activities for kids,lego ideas for kids pdf,10
lego activities for kids,lego building ideas for kids at home,2
lego activities for kids,lego activities for 10 year olds,3
lego activities for kids,lego activities for school age,4
lego activities for kids,easy lego activities for kids,2
lego activities for kids,fun lego activities for kids,1
lego activities for kids,lego activity ideas,4
lego activities for kids,lego build ideas for kids pdf,2
lego activities for kids,free lego activities for kids near me,3
lego activities for kids,lego activities for adults,5
magna tiles ideas,magna tiles ideas,1
magna tiles ideas,magna tiles ideas for kids,2
magna tiles ideas,magna tiles ideas pdf,3
magna tiles ideas,magna tiles ideas to build,4
magna tiles ideas,magna tiles ideas easy,5
magna tiles ideas,magna tiles ideas ramp,6
magna tiles ideas,magna tiles ideas dinosaur,7
magna tiles ideas,magna tiles ideas book,8
magna tiles ideas,magna tiles ideas printables free,9
magna tiles ideas,magna tiles ideas videos,10
magna tiles ideas,magnetic tiles ideas easy,2
magna tiles ideas,magna tiles build ideas easy,3
magna tiles ideas,magnetic tiles building ideas easy,4
magna tiles ideas,magna-tiles ideas,5
magna tiles ideas,magna-tiles car ideas,6
magna tiles ideas,magna tiles fun ideas,1
magna tiles ideas,magnetic tiles fun ideas,2
magna tiles ideas,what to do with magna tiles,4
magna tiles ideas,easy magna tiles ideas,5
magna tiles ideas,magna tiles ideas printables,2
magna tiles ideas,magna tiles ideas printables pdf free download,3
magna tiles ideas,magna tiles ideas printables pdf,4
magna tiles ideas,magnetic tiles ideas printable,5
magna tiles ideas,magna tiles building ideas printable,6
magna tiles ideas,magna tiles examples,8
magna tiles ideas,what magnetic tiles are compatible with magna tiles,9
magna tiles ideas,magna tiles ideas pdf free download,2
magna tiles ideas,magna tiles ideas pdf free,3
magna tiles ideas,magna tiles ideas pdf download,4
magna tiles ideas,magna tiles ideas pdf 3d,5
magna tiles ideas,magnetic tiles ideas pdf,6
magna tiles ideas,magna tiles building ideas pdf,7
magna tiles ideas,magna tiles 3d ideas pdf free download,9
youtube activities for kids,youtube activities for kids,1
youtube activities for kids,youtube activities for kids at home,2
youtube activities for kids,youtube ideas for kids,3
youtube activities for kids,youtube ideas for kids girl,4
youtube activities for kids,fun youtube activities for kids,5
youtube activities for kids,best youtube activities for kids,6
youtube activities for kids,youtube movement activities for kids,7
youtube activities for kids,youtube video activities for kids,8
youtube activities for kids,youtube christmas activities for kids,9
youtube activities for kids,youtube calming activities for kids,10
youtube activities for kids,youtube video ideas for kids easy,1
youtube activities for kids,youtube video ideas for kids funny,1
youtube activities for kids,youtube shorts ideas for kids funny,2
youtube activities for kids,youtube channel name ideas for kids funny,4
youtube activities for kids,fun children's activities to do at home,7
kids activity videos,kids activity videos,1
kids activity videos,kids activity videos on youtube,2
kids activity videos,kids exercise videos,3
kids activity videos,kids exercise videos youtube,4
kids activity videos,kids action videos,5
kids activity videos,kids exercise videos fun,6
kids activity videos,kids exercise videos with music,7
kids activity videos,kids exercise videos netflix,8
kids activity videos,kids exercise videos at home,9
kids activity videos,child activity videos,10
kids activity videos,best kids exercise videos at home,2
kids activity videos,kid indoor activities at home,5
kids activity videos,kids fun activity videos,2
kids activity videos,activity games for 10 year olds,5
activity videos for preschoolers,exercise videos for preschoolers,1
activity videos for preschoolers,action videos for preschoolers,2
activity videos for preschoolers,activity videos for kids,3
activity videos for preschoolers,activity videos for kids youtube,4
activity videos for preschoolers,activity videos for toddlers,5
activity videos for preschoolers,youtube exercise videos for preschoolers,6
activity videos for preschoolers,fun exercise videos for preschoolers,7
activity videos for preschoolers,best exercise videos for preschoolers,8
activity videos for preschoolers,dance exercise videos for preschoolers,9
activity videos for preschoolers,active activities for preschoolers,10
activity videos for preschoolers,exercise videos for kids at home,1
activity videos for preschoolers,fun exercise videos for kids at home,2
activity videos for preschoolers,5 year old activities at home,3
activity videos for preschoolers,fun activities for preschoolers at home,4
activity videos for preschoolers,exercise videos for kids fun,1
activity videos for preschoolers,5 minute activities for preschoolers,2
activity videos for preschoolers,activity or activities,3
